,title,category,post_type
0,save earth,visual art graphic design artistic design graphic illustration,artwork
1,save earth,visual art graphic design artistic design graphic illustration,artwork
2,save earth,visual art graphic design artistic design graphic illustration,artwork
3,save earth,visual art graphic design artistic design graphic illustration,artwork
4,save earth,visual art graphic design artistic design graphic illustration,artwork
5,save earth,visual art graphic design artistic design graphic illustration,artwork
6,save earth,visual art graphic design artistic design graphic illustration,artwork
7,save earth,visual art graphic design artistic design graphic illustration,artwork
8,save earth,visual art graphic design artistic design graphic illustration,artwork
9,save earth,visual art graphic design artistic design graphic illustration,artwork
10,machine learning operation mlops,computer technology machine learning,blog
11,machine learning operation mlops,computer technology machine learning,blog
12,machine learning operation mlops,computer technology machine learning,blog
13,machine learning operation mlops,computer technology machine learning,blog
14,machine learning operation mlops,computer technology machine learning,blog
15,machine learning operation mlops,computer technology machine learning,blog
16,machine learning operation mlops,computer technology machine learning,blog
17,machine learning operation mlops,computer technology machine learning,blog
18,machine learning operation mlops,computer technology machine learning,blog
19,machine learning operation mlops,computer technology machine learning,blog
20,machine learning operation mlops,computer technology machine learning,blog
21,machine learning operation mlops,computer technology machine learning,blog
22,machine learning operation mlops,computer technology machine learning,blog
23,machine learning operation mlops,computer technology machine learning,blog
24,machine learning operation mlops,computer technology machine learning,blog
25,machine learning operation mlops,computer technology machine learning,blog
26,computer aided machine drawing camd,,project
27,computer aided machine drawing camd,,project
28,computer aided machine drawing camd,,project
29,eid mubarak,photography architecture visual art graphic design artistic design graphic logo design,artwork
30,eid mubarak,photography architecture visual art graphic design artistic design graphic logo design,artwork
31,eid mubarak,photography architecture visual art graphic design artistic design graphic logo design,artwork
32,eid mubarak,photography architecture visual art graphic design artistic design graphic logo design,artwork
33,eid mubarak,photography architecture visual art graphic design artistic design graphic logo design,artwork
34,eid mubarak,photography architecture visual art graphic design artistic design graphic logo design,artwork
35,eid mubarak,photography architecture visual art graphic design artistic design graphic logo design,artwork
36,dakrai artwork,pen ink,artwork
37,dakrai artwork,pen ink,artwork
38,dakrai artwork,pen ink,artwork
39,dakrai artwork,pen ink,artwork
40,dakrai artwork,pen ink,artwork
41,dakrai artwork,pen ink,artwork
42,dakrai artwork,pen ink,artwork
43,dakrai artwork,pen ink,artwork
44,dakrai artwork,pen ink,artwork
45,dakrai artwork,pen ink,artwork
46,first animated post,art science,skill
47,first animated post,art science,skill
48,first animated post,art science,skill
49,first animated post,art science,skill
50,first animated post,art science,skill
51,first animated post,art science,skill
52,first animated post,art science,skill
53,first animated post,art science,skill
54,zero waste lifestyle,,project
55,zero waste lifestyle,,project
56,zero waste lifestyle,,project
57,zero waste lifestyle,,project
58,zero waste lifestyle,,project
59,zero waste lifestyle,,project
60,zero waste lifestyle,,project
61,zero waste lifestyle,,project
62,eid mubarak,photography architecture visual art graphic design,artwork
63,eid mubarak,photography architecture visual art graphic design,artwork
64,eid mubarak,photography architecture visual art graphic design,artwork
65,eid mubarak,photography architecture visual art graphic design,artwork
66,future communication prediction,science technology,skill
67,future communication prediction,science technology,skill
68,future communication prediction,science technology,skill
69,future communication prediction,science technology,skill
70,future communication prediction,science technology,skill
71,future communication prediction,science technology,skill
72,future communication prediction,science technology,skill
73,future communication prediction,science technology,skill
74,future communication prediction,science technology,skill
75,future communication prediction,science technology,skill
76,future communication prediction,science technology,skill
77,happy eid ul fitr,photography architecture,artwork
78,happy eid ul fitr,photography architecture,artwork
79,art expo,artistic design logo design graphic illustration,artwork
80,art expo,artistic design logo design graphic illustration,artwork
81,art expo,artistic design logo design graphic illustration,artwork
82,art expo,artistic design logo design graphic illustration,artwork
83,art expo,artistic design logo design graphic illustration,artwork
84,art expo,artistic design logo design graphic illustration,artwork
85,art expo,artistic design logo design graphic illustration,artwork
86,art expo,artistic design logo design graphic illustration,artwork
87,art expo,artistic design logo design graphic illustration,artwork
88,art expo,artistic design logo design graphic illustration,artwork
89,art expo,artistic design logo design graphic illustration,artwork
90,art expo,artistic design logo design graphic illustration,artwork
91,ruin,painting,artwork
92,ruin,painting,artwork
93,ruin,painting,artwork
94,ruin,painting,artwork
95,ruin,painting,artwork
96,ruin,painting,artwork
97,ruin,painting,artwork
98,ruin,painting,artwork
99,ruin,painting,artwork
100,ruin,painting,artwork
101,ruin,painting,artwork
102,ruin,painting,artwork
103,ganesha,drawing,artwork
104,ganesha,drawing,artwork
105,ganesha,drawing,artwork
106,ganesha,drawing,artwork
107,ganesha,drawing,artwork
108,ganesha,drawing,artwork
109,kabir singh,drawing,artwork
110,kabir singh,drawing,artwork
111,kabir singh,drawing,artwork
112,kabir singh,drawing,artwork
113,kabir singh,drawing,artwork
114,kabir singh,drawing,artwork
115,kabir singh,drawing,artwork
116,making daaku art,art,skill
117,making daaku art,art,skill
118,making daaku art,art,skill
119,making daaku art,art,skill
120,making daaku art,art,skill
121,making daaku art,art,skill
122,making daaku art,art,skill
123,importance design,fashion desigining pattern culture fashion textile fashion trend,blog
124,importance design,fashion desigining pattern culture fashion textile fashion trend,blog
125,importance design,fashion desigining pattern culture fashion textile fashion trend,blog
126,importance design,fashion desigining pattern culture fashion textile fashion trend,blog
127,importance design,fashion desigining pattern culture fashion textile fashion trend,blog
128,importance design,fashion desigining pattern culture fashion textile fashion trend,blog
129,importance design,fashion desigining pattern culture fashion textile fashion trend,blog
130,importance design,fashion desigining pattern culture fashion textile fashion trend,blog
131,breathe quarantine,drawing calligraphy,artwork
132,woman power,painting,artwork
133,woman power,painting,artwork
134,woman power,painting,artwork
135,woman power,painting,artwork
136,woman power,painting,artwork
137,woman power,painting,artwork
138,woman power,painting,artwork
139,woman power,painting,artwork
140,woman power,painting,artwork
141,woman power,painting,artwork
142,woman power,painting,artwork
143,woman power,painting,artwork
144,woman power,painting,artwork
145,daaku,drawing,artwork
146,daaku,drawing,artwork
147,daaku,drawing,artwork
148,daaku,drawing,artwork
149,daaku,drawing,artwork
150,daaku,drawing,artwork
151,daaku,drawing,artwork
152,daaku,drawing,artwork
153,daaku,drawing,artwork
154,daaku,drawing,artwork
155,daaku,drawing,artwork
156,daaku,drawing,artwork
157,daaku,drawing,artwork
158,daaku,drawing,artwork
159,daaku,drawing,artwork
160,daaku,drawing,artwork
161,daaku,drawing,artwork
162,daaku,drawing,artwork
163,design magic happens,calligraphy,artwork
164,solitude,photography,artwork
165,solitude,photography,artwork
166,solitude,photography,artwork
167,solitude,photography,artwork
168,solitude,photography,artwork
169,solitude,photography,artwork
170,sky never disappoints,photography,artwork
171,sky never disappoints,photography,artwork
172,sky never disappoints,photography,artwork
173,sky never disappoints,photography,artwork
174,sky never disappoints,photography,artwork
175,sky never disappoints,photography,artwork
176,sky never disappoints,photography,artwork
177,sky never disappoints,photography,artwork
178,blur beautiful,photography,artwork
179,blur beautiful,photography,artwork
180,blur beautiful,photography,artwork
181,blur beautiful,photography,artwork
182,blur beautiful,photography,artwork
183,blur beautiful,photography,artwork
184,blur beautiful,photography,artwork
185,blur beautiful,photography,artwork
186,blur beautiful,photography,artwork
187,gangster style,drawing,artwork
188,gangster style,drawing,artwork
189,gangster style,drawing,artwork
190,gangster style,drawing,artwork
191,gangster style,drawing,artwork
192,gangster style,drawing,artwork
193,gangster style,drawing,artwork
194,gangster style,drawing,artwork
195,gangster style,drawing,artwork
196,gangster style,drawing,artwork
197,gangster style,drawing,artwork
198,gangster style,drawing,artwork
199,gangster style,drawing,artwork
200,gangster style,drawing,artwork
201,gun store logo,visual art,artwork
202,gun store logo,visual art,artwork
203,gun store logo,visual art,artwork
204,basic edge design,fashion desigining fashion illustration pattern cutting fashion communication,blog
205,basic edge design,fashion desigining fashion illustration pattern cutting fashion communication,blog
206,basic edge design,fashion desigining fashion illustration pattern cutting fashion communication,blog
207,basic edge design,fashion desigining fashion illustration pattern cutting fashion communication,blog
208,basic edge design,fashion desigining fashion illustration pattern cutting fashion communication,blog
209,basic edge design,fashion desigining fashion illustration pattern cutting fashion communication,blog
210,basic edge design,fashion desigining fashion illustration pattern cutting fashion communication,blog
211,basic edge design,fashion desigining fashion illustration pattern cutting fashion communication,blog
212,camel shade,photography,artwork
213,camel shade,photography,artwork
214,camel shade,photography,artwork
215,photography composition,,project
216,photography composition,,project
217,photography composition,,project
218,photography composition,,project
219,photography composition,,project
220,photography composition,,project
221,photography,,project
222,photography,,project
223,photography,,project
224,photography,,project
225,photography,,project
226,photography,,project
227,photography,,project
228,configure ci cd pipeline gitlab deployment server via ssh,computer technology computer application information technology,blog
229,tree,photography,artwork
230,tree,photography,artwork
231,tree,photography,artwork
232,tree,photography,artwork
233,tree,photography,artwork
234,configure docker django postgresql pg admin elasticsearch,computer technology computer application information technology,blog
235,configure docker django postgresql pg admin elasticsearch,computer technology computer application information technology,blog
236,configure docker django postgresql pg admin elasticsearch,computer technology computer application information technology,blog
237,configure docker django postgresql pg admin elasticsearch,computer technology computer application information technology,blog
238,ci cd using github action,computer technology information technology,blog
239,ci cd using github action,computer technology information technology,blog
240,got new hairstyle photo chirag,photography,artwork
241,got new hairstyle photo chirag,photography,artwork
242,aws service launch o aws cloud,computer technology cloud computing,blog
243,aws service launch o aws cloud,computer technology cloud computing,blog
244,aws service launch o aws cloud,computer technology cloud computing,blog
245,aws service launch o aws cloud,computer technology cloud computing,blog
246,aws service launch o aws cloud,computer technology cloud computing,blog
247,aws service launch o aws cloud,computer technology cloud computing,blog
248,aws service launch o aws cloud,computer technology cloud computing,blog
249,aws service launch o aws cloud,computer technology cloud computing,blog
250,aws service launch o aws cloud,computer technology cloud computing,blog
251,aws service launch o aws cloud,computer technology cloud computing,blog
252,aws service launch o aws cloud,computer technology cloud computing,blog
253,aws service launch o aws cloud,computer technology cloud computing,blog
254,energy,calligraphy typography pen ink,artwork
255,face recognition using transfer learning,science technology,skill
256,face recognition using transfer learning,science technology,skill
257,cloud computing,computer technology computation computer application cloud computing,blog
258,cloud computing,computer technology computation computer application cloud computing,blog
259,learning,computer technology machine learning,blog
260,learning,computer technology machine learning,blog
261,learning,computer technology machine learning,blog
262,learning,computer technology machine learning,blog
263,launching instance,technology,skill
264,launching instance,technology,skill
265,launching instance,technology,skill
266,launching instance,technology,skill
267,launching instance,technology,skill
268,launching instance,technology,skill
269,launching instance,technology,skill
270,launching instance,technology,skill
271,aws cli setup mac,technology,skill
272,aws cli setup mac,technology,skill
273,recommendation engine,,project
274,overcome day,painting,artwork
275,overcome day,painting,artwork
276,designing circular microstrip antenna,,project
277,designing circular microstrip antenna,,project
278,designing circular microstrip antenna,,project
279,moore fsm sequence detector,,project
280,moore fsm sequence detector,,project
281,moore fsm sequence detector,,project
282,moore fsm sequence detector,,project
283,hell stop keep moving,typography pen ink,artwork
284,reaction change destination,typography pen ink,artwork
285,habit,calligraphy typography pen ink,artwork
286,talented people,typography pen ink,artwork
287,moment life,typography calligraphy pen ink,artwork
288,self belief,typography pen ink,artwork
289,self belief,typography pen ink,artwork
290,voice intuition,mixed medium calligraphy pen ink,artwork
291,lie,typography pen ink,artwork
292,change,calligraphy pen ink,artwork
293,risk,calligraphy typography pen ink,artwork
294,fear,typography calligraphy pen ink,artwork
295,fear,typography calligraphy pen ink,artwork
296,fear,typography calligraphy pen ink,artwork
297,fear,typography calligraphy pen ink,artwork
298,success story oyo founder ritesh agarwal,mass medium medium society,blog
299,raghavan committee,competition law,blog
300,raghavan committee,competition law,blog
301,competition law evolved,competition law,blog
302,competition law evolved,competition law,blog
303,acceptance,visual art calligraphy pen ink,artwork
304,,photography,artwork
305,,photography,artwork
306,,photography,artwork
307,,photography,artwork
308,,photography,artwork
309,,photography,artwork
310,navigation system using bfs dfs algorithm,,project
311,integrating machine learning devops mlops,computer technology data science,blog
312,integrating machine learning devops mlops,computer technology data science,blog
313,integrating machine learning devops mlops,computer technology data science,blog
314,integrating machine learning devops mlops,computer technology data science,blog
315,integrating machine learning devops mlops,computer technology data science,blog
316,integrating machine learning devops mlops,computer technology data science,blog
317,integrating machine learning devops mlops,computer technology data science,blog
318,gan introduction,,project
319,gan introduction,,project
320,gan introduction,,project
321,gan introduction,,project
322,gan introduction,,project
323,designing cmos circuit boolean expression microwind,,project
324,designing cmos circuit boolean expression microwind,,project
325,designing cmos circuit boolean expression microwind,,project
326,designing cmos circuit boolean expression microwind,,project
327,designing cmos circuit boolean expression microwind,,project
328,designing cmos circuit boolean expression microwind,,project
329,designing cmos circuit boolean expression microwind,,project
330,designing cmos circuit boolean expression microwind,,project
331,designing cmos circuit boolean expression microwind,,project
332,designing cmos circuit boolean expression microwind,,project
333,understanding cloud computing aws,computer technology cloud computing,blog
334,understanding cloud computing aws,computer technology cloud computing,blog
335,understanding cloud computing aws,computer technology cloud computing,blog
336,understanding cloud computing aws,computer technology cloud computing,blog
337,understanding cloud computing aws,computer technology cloud computing,blog
338,understanding cloud computing aws,computer technology cloud computing,blog
339,understanding cloud computing aws,computer technology cloud computing,blog
340,understanding cloud computing aws,computer technology cloud computing,blog
341,understanding cloud computing aws,computer technology cloud computing,blog
342,understanding cloud computing aws,computer technology cloud computing,blog
343,understanding cloud computing aws,computer technology cloud computing,blog
344,understanding cloud computing aws,computer technology cloud computing,blog
345,understanding cloud computing aws,computer technology cloud computing,blog
346,recommend system machine learning,computer technology machine learning,blog
347,recommend system machine learning,computer technology machine learning,blog
348,recommend system machine learning,computer technology machine learning,blog
349,recommend system machine learning,computer technology machine learning,blog
350,gan part,computer technology machine learning,blog
351,gan part,computer technology machine learning,blog
352,gan part,computer technology machine learning,blog
353,gan part,computer technology machine learning,blog
354,gan part,computer technology machine learning,blog
355,gan part,computer technology machine learning,blog
356,keep working hard,photography,artwork
357,keep working hard,photography,artwork
358,keep working hard,photography,artwork
359,keep working hard,photography,artwork
360,gan introduction,computer technology machine learning,blog
361,gan introduction,computer technology machine learning,blog
362,gan introduction,computer technology machine learning,blog
363,gan introduction,computer technology machine learning,blog
364,gan introduction,computer technology machine learning,blog
365,wave stood still,photography,artwork
366,wave stood still,photography,artwork
367,wave stood still,photography,artwork
368,wave stood still,photography,artwork
369,wave stood still,photography,artwork
370,wave stood still,photography,artwork
371,wave stood still,photography,artwork
372,wave stood still,photography,artwork
373,wave stood still,photography,artwork
374,wave stood still,photography,artwork
375,wave stood still,photography,artwork
376,wave stood still,photography,artwork
377,wave stood still,photography,artwork
378,wave stood still,photography,artwork
379,faith,photography,artwork
380,faith,photography,artwork
381,faith,photography,artwork
382,faith,photography,artwork
383,faith,photography,artwork
384,faith,photography,artwork
385,faith,photography,artwork
386,faith,photography,artwork
387,faith,photography,artwork
388,faith,photography,artwork
389,faith,photography,artwork
390,faith,photography,artwork
391,faith,photography,artwork
392,faith,photography,artwork
393,classifying form cartel,competition law,blog
394,classifying form cartel,competition law,blog
395,classifying form cartel,competition law,blog
396,favourite book read far year,literature story fiction movement literature,blog
397,favourite book read far year,literature story fiction movement literature,blog
398,xbox series x launch game,mixed medium,artwork
399,rejected time landed first job,sociology sociology india,blog
400,rejected time landed first job,sociology sociology india,blog
401,rejected time landed first job,sociology sociology india,blog
402,fashion illustration,fashion design illustration watercolour,artwork
403,fashion illustration,fashion design illustration watercolour,artwork
404,fashion illustration,fashion design illustration watercolour,artwork
405,fashion illustration,fashion design illustration watercolour,artwork
406,fashion illustration,fashion design illustration watercolour,artwork
407,fashion illustration,fashion design illustration watercolour,artwork
408,fashion illustration,fashion design illustration watercolour,artwork
409,human illustration galaxy background,fashion design illustration watercolour drawing,artwork
410,human illustration galaxy background,fashion design illustration watercolour drawing,artwork
411,human illustration galaxy background,fashion design illustration watercolour drawing,artwork
412,human illustration galaxy background,fashion design illustration watercolour drawing,artwork
413,human illustration galaxy background,fashion design illustration watercolour drawing,artwork
414,human illustration galaxy background,fashion design illustration watercolour drawing,artwork
415,human illustration galaxy background,fashion design illustration watercolour drawing,artwork
416,human illustration galaxy background,fashion design illustration watercolour drawing,artwork
417,human illustration galaxy background,fashion design illustration watercolour drawing,artwork
418,human illustration galaxy background,fashion design illustration watercolour drawing,artwork
419,human illustration galaxy background,fashion design illustration watercolour drawing,artwork
420,human illustration,drawing fashion design illustration watercolour,artwork
421,human illustration,drawing fashion design illustration watercolour,artwork
422,human illustration,drawing fashion design illustration watercolour,artwork
423,human illustration,drawing fashion design illustration watercolour,artwork
424,human illustration,drawing fashion design illustration watercolour,artwork
425,human illustration,drawing fashion design illustration watercolour,artwork
426,human illustration,drawing fashion design illustration watercolour,artwork
427,human illustration,drawing fashion design illustration watercolour,artwork
428,human illustration,drawing fashion design illustration watercolour,artwork
429,human illustration,drawing fashion design illustration watercolour,artwork
430,human illustration,drawing fashion design illustration watercolour,artwork
431,human illustration,drawing fashion design illustration watercolour,artwork
432,fashion illustration street fashion,fashion design illustration conceptual watercolour pen ink,artwork
433,fashion illustration street fashion,fashion design illustration conceptual watercolour pen ink,artwork
434,fashion illustration street fashion,fashion design illustration conceptual watercolour pen ink,artwork
435,fashion illustration street fashion,fashion design illustration conceptual watercolour pen ink,artwork
436,fashion illustration street fashion,fashion design illustration conceptual watercolour pen ink,artwork
437,fashion illustration street fashion,fashion design illustration conceptual watercolour pen ink,artwork
438,fashion illustration street fashion,fashion design illustration conceptual watercolour pen ink,artwork
439,fashion illustration street fashion,fashion design illustration conceptual watercolour pen ink,artwork
440,fashion illustration street fashion,fashion design illustration conceptual watercolour pen ink,artwork
441,fashion illustration street fashion,fashion design illustration conceptual watercolour pen ink,artwork
442,looking nature nature,photography,artwork
443,looking nature nature,photography,artwork
444,fashion illustration op art,drawing fashion design mixed medium conceptual illustration pen ink watercolour,artwork
445,fashion illustration op art,drawing fashion design mixed medium conceptual illustration pen ink watercolour,artwork
446,fashion illustration op art,drawing fashion design mixed medium conceptual illustration pen ink watercolour,artwork
447,fashion illustration op art,drawing fashion design mixed medium conceptual illustration pen ink watercolour,artwork
448,fashion illustration op art,drawing fashion design mixed medium conceptual illustration pen ink watercolour,artwork
449,fashion illustration op art,drawing fashion design mixed medium conceptual illustration pen ink watercolour,artwork
450,fashion illustration op art,drawing fashion design mixed medium conceptual illustration pen ink watercolour,artwork
451,fashion illustration op art,drawing fashion design mixed medium conceptual illustration pen ink watercolour,artwork
452,fashion illustration op art,drawing fashion design mixed medium conceptual illustration pen ink watercolour,artwork
453,always remember,learning,skill
454,always remember,learning,skill
455,always remember,learning,skill
456,always remember,learning,skill
457,always remember,learning,skill
458,always remember,learning,skill
459,always remember,learning,skill
460,design process,visual art graphic design composition logo design,artwork
461,design process,visual art graphic design composition logo design,artwork
462,library managment system software requirement specification sr,,project
463,library managment system software requirement specification sr,,project
464,human illustration background room,drawing fashion design illustration watercolour,artwork
465,human illustration background room,drawing fashion design illustration watercolour,artwork
466,human illustration background room,drawing fashion design illustration watercolour,artwork
467,human illustration background room,drawing fashion design illustration watercolour,artwork
468,human illustration background room,drawing fashion design illustration watercolour,artwork
469,human illustration background room,drawing fashion design illustration watercolour,artwork
470,human illustration background room,drawing fashion design illustration watercolour,artwork
471,human illustration background room,drawing fashion design illustration watercolour,artwork
472,human illustration background room,drawing fashion design illustration watercolour,artwork
473,human illustration background room,drawing fashion design illustration watercolour,artwork
474,glitch,painting,artwork
475,glitch,painting,artwork
476,glitch,painting,artwork
477,glitch,painting,artwork
478,glitch,painting,artwork
479,glitch,painting,artwork
480,glitch,painting,artwork
481,glitch,painting,artwork
482,glitch,painting,artwork
483,glitch,painting,artwork
484,glitch,painting,artwork
485,power indian audience,art,skill
486,power indian audience,art,skill
487,power indian audience,art,skill
488,power indian audience,art,skill
489,power indian audience,art,skill
490,power indian audience,art,skill
491,form durga,drawing,artwork
492,form durga,drawing,artwork
493,form durga,drawing,artwork
494,form durga,drawing,artwork
495,form durga,drawing,artwork
496,form durga,drawing,artwork
497,form durga,drawing,artwork
498,form durga,drawing,artwork
499,become professional,professionalism,skill
500,become professional,professionalism,skill
501,become professional,professionalism,skill
502,ride,drawing,artwork
503,ride,drawing,artwork
504,ride,drawing,artwork
505,ride,drawing,artwork
506,ride,drawing,artwork
507,ride,drawing,artwork
508,ride,drawing,artwork
509,new platform,test,skill
510,palindrome c net,,project
511,palindrome c net,,project
512,palindrome c net,,project
513,distracted unfocused used method avoid distraction,philosophy applied ethic,blog
514,entrepreneural training roadless travel,business entreperneurship venture capitalist business enviorment start ups business planning new venture planning,blog
515,entrepreneural training roadless travel,business entreperneurship venture capitalist business enviorment start ups business planning new venture planning,blog
516,girl meadow,drawing painting visual art graphic design print illustration,artwork
517,god drawing,drawing,artwork
518,god drawing,drawing,artwork
519,god drawing,drawing,artwork
520,shree ganesh drawing,drawing,artwork
521,shree ganesh drawing,drawing,artwork
522,god,drawing,artwork
523,god,drawing,artwork
524,god,drawing,artwork
525,point consider choosing pathology lab,biotechnology animal biotechnology,blog
526,point consider choosing pathology lab,biotechnology animal biotechnology,blog
527,pencil rendering,drawing,artwork
528,pencil rendering,drawing,artwork
529,pencil rendering,drawing,artwork
530,pencil rendering,drawing,artwork
531,pencil rendering,drawing,artwork
532,mosaic art,craft mixed medium conceptual mosaic painting composition,artwork
533,mosaic art,craft mixed medium conceptual mosaic painting composition,artwork
534,mosaic art,craft mixed medium conceptual mosaic painting composition,artwork
535,mosaic art,craft mixed medium conceptual mosaic painting composition,artwork
536,mosaic art,craft mixed medium conceptual mosaic painting composition,artwork
537,mosaic art,craft mixed medium conceptual mosaic painting composition,artwork
538,quick sketch gangster skull,sketch video,skill
539,quick sketch gangster skull,sketch video,skill
540,quick sketch gangster skull,sketch video,skill
541,quick sketch gangster skull,sketch video,skill
542,quick sketch gangster skull,sketch video,skill
543,quick sketch gangster skull,sketch video,skill
544,quick sketch gangster skull,sketch video,skill
545,quick sketch gangster skull,sketch video,skill
546,quick sketch gangster skull,sketch video,skill
547,keen learner,photography,skill
548,keen learner,photography,skill
549,keen learner,photography,skill
550,keen learner,photography,skill
551,keen learner,photography,skill
552,covid case court earth,drawing,artwork
553,innovative marketing strategy,marketing principle marketing international marketing promotion distribution decision,blog
554,innovative marketing strategy,marketing principle marketing international marketing promotion distribution decision,blog
555,innovative marketing strategy,marketing principle marketing international marketing promotion distribution decision,blog
556,avenger theme acoustic guitar,music,skill
557,avenger theme acoustic guitar,music,skill
558,avenger theme acoustic guitar,music,skill
559,avenger theme acoustic guitar,music,skill
560,principle design balance,painting visual art craft conceptual,artwork
561,principle design balance,painting visual art craft conceptual,artwork
562,principle design balance,painting visual art craft conceptual,artwork
563,principle design balance,painting visual art craft conceptual,artwork
564,principle design balance,painting visual art craft conceptual,artwork
565,novel consenent p h p,,project
566,novel consenent p h p,,project
567,novel consenent p h p,,project
568,novel consenent p h p,,project
569,novel consenent p h p,,project
570,thor arriving,photography,artwork
571,thor arriving,photography,artwork
572,thor arriving,photography,artwork
573,e book,video,skill
574,e book,video,skill
575,hello,plant biotechnology,blog
576,hello world,fine art painting,blog
577,hello world,fine art painting,blog
578,hello world,fine art painting,blog
579,hello world,fine art painting,blog
580,hello world,fine art painting,blog
581,hello world,fine art painting,blog
582,shady eye,drawing,artwork
583,eye speak photo dan farrell,photography,artwork
584,eye speak photo dan farrell,photography,artwork
585,eye speak photo dan farrell,photography,artwork
586,factious news impact youth,social work humanity,blog
587,factious news impact youth,social work humanity,blog
588,factious news impact youth,social work humanity,blog
589,factious news impact youth,social work humanity,blog
590,use social medium promote project,management business management technology mangement managerial activity creative lateral management,blog
591,use social medium promote project,management business management technology mangement managerial activity creative lateral management,blog
592,use social medium promote project,management business management technology mangement managerial activity creative lateral management,blog
593,use social medium promote project,management business management technology mangement managerial activity creative lateral management,blog
594,indian polity governance,legal study legal system legal tradition nationality law government law,blog
595,indian polity governance,legal study legal system legal tradition nationality law government law,blog
596,beautiful bird,painting,artwork
597,two sing song,drawing,artwork
598,based imagination,photography,artwork
599,platform guest posting,mixed medium,artwork
600,platform guest posting,mixed medium,artwork
601,platform guest posting,mixed medium,artwork
602,platform guest posting,mixed medium,artwork
603,platform guest posting,mixed medium,artwork
604,platform guest posting,mixed medium,artwork
605,analysis successful company past year,business business strategy business enviorment new venture planning foreign business business organisation,blog
606,analysis successful company past year,business business strategy business enviorment new venture planning foreign business business organisation,blog
607,analysis successful company past year,business business strategy business enviorment new venture planning foreign business business organisation,blog
608,analysis successful company past year,business business strategy business enviorment new venture planning foreign business business organisation,blog
609,analysis successful company past year,business business strategy business enviorment new venture planning foreign business business organisation,blog
610,formation trade union,human right fundamental right protection enforcement,blog
611,guest posting free cost,business,skill
612,guest posting free cost,business,skill
613,guest posting free cost,business,skill
614,guest posting free cost,business,skill
615,guest posting free cost,business,skill
616,guest posting free cost,business,skill
617,guest posting free cost,business,skill
618,innovative marketing strategy,marketing principle marketing marketing research methadology marketing management international marketing,blog
619,innovative marketing strategy,marketing principle marketing marketing research methadology marketing management international marketing,blog
620,innovative marketing strategy,marketing principle marketing marketing research methadology marketing management international marketing,blog
621,innovative marketing strategy,marketing principle marketing marketing research methadology marketing management international marketing,blog
622,shree jagannath penting,painting,artwork
623,shree jagannath penting,painting,artwork
624,urdu poetry,social work ngo,blog
625,urdu poetry,social work ngo,blog
626,urdu poetry,social work ngo,blog
627,covid case court earth,drawing,artwork
628,enough,psycholgy psychological growth,blog
629,enough,psycholgy psychological growth,blog
630,enough,psycholgy psychological growth,blog
631,enough,psycholgy psychological growth,blog
632,enough,psycholgy psychological growth,blog
633,e c p e,photography,skill
634,e c p e,photography,skill
635,e c p e,photography,skill
636,e c p e,photography,skill
637,e c p e,photography,skill
638,e c p e,photography,skill
639,e c p e,photography,skill
640,peace,painting,artwork
641,peace,painting,artwork
642,peace,painting,artwork
643,tree drawing,drawing,artwork
644,tree drawing,drawing,artwork
645,tree drawing,drawing,artwork
646,closeness nature,painting,artwork
647,closeness nature,painting,artwork
648,art,painting,artwork
649,art,painting,artwork
650,aesthetic,photography,artwork
651,aesthetic,photography,artwork
652,aesthetic,photography,artwork
653,aesthetic,photography,artwork
654,aesthetic,photography,artwork
655,goldfish,painting,artwork
656,goldfish,painting,artwork
657,goldfish,painting,artwork
658,goldfish,painting,artwork
659,blessing,photography,artwork
660,blessing,photography,artwork
661,blessing,photography,artwork
662,handcrafted,sculpture,artwork
663,handcrafted,sculpture,artwork
664,handcrafted,sculpture,artwork
665,handcrafted,sculpture,artwork
666,handcrafted,sculpture,artwork
667,handcrafted,sculpture,artwork
668,handcrafted,sculpture,artwork
669,handcrafted,sculpture,artwork
670,handcrafted,sculpture,artwork
671,bliss,photography,artwork
672,bliss,photography,artwork
673,bliss,photography,artwork
674,bliss,photography,artwork
675,upside,photography,artwork
676,beauty,architecture,artwork
677,street art jaisalmer,photography,skill
678,street art jaisalmer,photography,skill
679,disappearing,photography,artwork
680,disappearing,photography,artwork
681,q u e,photography conceptual illustration,artwork
682,alone,painting,artwork
683,alone,painting,artwork
684,alone,painting,artwork
685,alone,painting,artwork
686,shivshakti,drawing,artwork
687,shivshakti,drawing,artwork
688,shivshakti,drawing,artwork
689,near nature,painting,artwork
690,near nature,painting,artwork
691,near nature,painting,artwork
692,sign peace,painting,artwork
693,sign peace,painting,artwork
694,rajasthan absolute beauty,geography indian geography,blog
695,rajasthan absolute beauty,geography indian geography,blog
696,rajasthan absolute beauty,geography indian geography,blog
697,rajasthan absolute beauty,geography indian geography,blog
698,rajasthan absolute beauty,geography indian geography,blog
699,rajasthan absolute beauty,geography indian geography,blog
700,keep safe coronavirus,biotechnology environmental biotechnology,blog
701,much lose,photography,artwork
702,much lose,photography,artwork
703,dreaming,photography,artwork
704,bird drawing,painting,artwork
705,bird drawing,painting,artwork
706,trust,painting,artwork
707,trust,painting,artwork
708,trust,painting,artwork
709,trust,painting,artwork
710,inside black hole image made history,physic quantum mecahnics industrial instrumentation atomic physic nuclear particle physic energy physic,blog
711,inside black hole image made history,physic quantum mecahnics industrial instrumentation atomic physic nuclear particle physic energy physic,blog
712,inside black hole image made history,physic quantum mecahnics industrial instrumentation atomic physic nuclear particle physic energy physic,blog
713,inside black hole image made history,physic quantum mecahnics industrial instrumentation atomic physic nuclear particle physic energy physic,blog
714,best ui ux design course certification,computer technology design analysis algorithm web designing database management artificial intelligence,blog
715,best ui ux design course certification,computer technology design analysis algorithm web designing database management artificial intelligence,blog
716,insect,photography,artwork
717,filtered,photography architecture painting,artwork
718,sharing caring,literature movement literature,blog
719,aesthetic,photography,artwork
720,aesthetic,photography,artwork
721,aesthetic,photography,artwork
722,aesthetic,photography,artwork
723,aesthetic,photography,artwork
724,one worth hate,drawing,artwork
725,one worth hate,drawing,artwork
726,love bind,drawing,artwork
727,love bind,drawing,artwork
728,vintage jaisalmer real beauty rajasthan,photography conceptual,artwork
729,vintage jaisalmer real beauty rajasthan,photography conceptual,artwork
730,relaxing jaisalmer rajasthan,photography architecture illustration,artwork
731,filtered busy street jaisalmer raj,photography architecture,artwork
732,filtered busy street jaisalmer raj,photography architecture,artwork
733,lost,photography,artwork
734,lost,photography,artwork
735,lost,photography,artwork
736,rebel,social work social intervention substance abuse health education,blog
737,one kind,photography conceptual,artwork
738,one kind,photography conceptual,artwork
739,hermit,photography,artwork
740,smile often,psycholgy social psychology,blog
741,smile often,psycholgy social psychology,blog
742,smile often,psycholgy social psychology,blog
743,smile often,psycholgy social psychology,blog
744,india trillion economy,economics indian economy,blog
745,india trillion economy,economics indian economy,blog
746,stand alone stand apart,social work humanity social intervention,blog
747,stand alone stand apart,social work humanity social intervention,blog
748,stand alone stand apart,social work humanity social intervention,blog
749,indian space research organisation isro,physic instrumentation,blog
750,indian space research organisation isro,physic instrumentation,blog
751,step stay safe corona virus,mass medium indian government,blog
752,step stay safe corona virus,mass medium indian government,blog
753,step stay safe corona virus,mass medium indian government,blog
754,concept revenue,economics revenue concept,blog
755,concept revenue,economics revenue concept,blog
756,concept revenue,economics revenue concept,blog
757,brother sister bond personal touch,literature story,blog
758,brother sister bond personal touch,literature story,blog
759,lovely explosion box,craft work,skill
760,lovely explosion box,craft work,skill
761,lovely explosion box,craft work,skill
762,lovely explosion box,craft work,skill
763,think differently,social work social intervention substance abuse,blog
764,think differently,social work social intervention substance abuse,blog
765,think differently,social work social intervention substance abuse,blog
766,think differently,social work social intervention substance abuse,blog
767,doodle woodles,drawing,artwork
768,doodle woodles,drawing,artwork
769,doodle woodles,drawing,artwork
770,doodle woodles,drawing,artwork
771,doodle woodles,drawing,artwork
772,creative,drawing,artwork
773,creative,drawing,artwork
774,creative,drawing,artwork
775,creative,drawing,artwork
776,creative,drawing,artwork
777,chartered accountant see entrepreneurship trend,accounting financial accounting,blog
778,chartered accountant see entrepreneurship trend,accounting financial accounting,blog
779,negative positive php,,project
780,negative positive php,,project
781,negative positive php,,project
782,negative positive php,,project
783,spacex case study,management business management,blog
784,spacex case study,management business management,blog
785,spacex case study,management business management,blog
786,time,drawing,artwork
787,time,drawing,artwork
788,freeze,photography,artwork
789,freeze,photography,artwork
790,freeze,photography,artwork
791,freeze,photography,artwork
792,freeze,photography,artwork
793,freeze,photography,artwork
794,oliveres mediterrnies,geography physical geography,blog
795,oliveres mediterrnies,geography physical geography,blog
796,oliveres mediterrnies,geography physical geography,blog
797,radio jockey,video,skill
798,radio jockey,video,skill
799,radio jockey,video,skill
800,thankful every second life,philosophy logic,blog
801,thankful every second life,philosophy logic,blog
802,thankful every second life,philosophy logic,blog
803,thankful every second life,philosophy logic,blog
804,thankful every second life,philosophy logic,blog
805,thankful every second life,philosophy logic,blog
806,bloom,photography,artwork
807,bloom,photography,artwork
808,bloom,photography,artwork
809,canon,photography,artwork
810,thoughtful,photography,artwork
811,thoughtful,photography,artwork
812,engrossed,photography,artwork
813,innocence,photography,artwork
814,innocence,photography,artwork
815,peace,photography,artwork
816,peace,photography,artwork
817,trekking,photography,artwork
818,trekking,photography,artwork
819,portraying goddess,photography,artwork
820,aloof,photography,artwork
821,aloof,photography,artwork
822,monument,photography,artwork
823,monument,photography,artwork
824,monument,photography,artwork
825,monument,photography,artwork
826,monument,photography,artwork
827,deep thought,photography,artwork
828,deep thought,photography,artwork
829,deep thought,photography,artwork
830,tower,photography,artwork
831,alone universe,archeology human prehistory,blog
832,alone universe,archeology human prehistory,blog
833,alone universe,archeology human prehistory,blog
834,alone universe,archeology human prehistory,blog
835,lead startup facing loses case study,business start ups entreperneurship business strategy venture capitalist business planning,blog
836,lead startup facing loses case study,business start ups entreperneurship business strategy venture capitalist business planning,blog
837,network security threat,computer technology computer application,blog
838,network security threat,computer technology computer application,blog
839,network security threat,computer technology computer application,blog
840,even odd number php,,project
841,even odd number php,,project
842,even odd number php,,project
843,even odd number php,,project
844,even odd number php,,project
845,even odd number php,,project
846,even odd number php,,project
847,benefit virtual portfolio,graphic articulation computer creation,blog
848,benefit virtual portfolio,graphic articulation computer creation,blog
849,benefit virtual portfolio,graphic articulation computer creation,blog
850,benefit virtual portfolio,graphic articulation computer creation,blog
851,justice north east,human right fundamental right,blog
852,justice north east,human right fundamental right,blog
853,justice north east,human right fundamental right,blog
854,justice north east,human right fundamental right,blog
855,ipl happen year,sport coaching sport event,blog
856,ipl happen year,sport coaching sport event,blog
857,shiva portrait,drawing,artwork
858,shiva portrait,drawing,artwork
859,best artificial intelligence ai course online,computer technology machine learning,blog
860,best artificial intelligence ai course online,computer technology machine learning,blog
861,top thing someone itchy foot self isolation,business business organisation,blog
862,night view ha penny bridge dublin ireland,photography,artwork
863,night view ha penny bridge dublin ireland,photography,artwork
864,night view ha penny bridge dublin ireland,photography,artwork
865,stone bridge full moon night,watercolour,artwork
866,stone bridge full moon night,watercolour,artwork
867,ml ai,artificial intelligence machine learning information technology,blog
868,silence shout,photography,artwork
869,silence shout,photography,artwork
870,silence shout,photography,artwork
871,silence shout,photography,artwork
872,amalgamation absorption reconstruction company,accounting partnership accounting corporate accounting accounting theory practice,blog
873,amalgamation absorption reconstruction company,accounting partnership accounting corporate accounting accounting theory practice,blog
874,managing stress amidst corona,mass medium indian government,blog
875,managing stress amidst corona,mass medium indian government,blog
876,managing stress amidst corona,mass medium indian government,blog
877,managing stress amidst corona,mass medium indian government,blog
878,dog,photography,artwork
879,dog,photography,artwork
880,dog,photography,artwork
881,dog,photography,artwork
882,dog,photography,artwork
883,dog,photography,artwork
884,screw town,photography,artwork
885,screw town,photography,artwork
886,screw town,photography,artwork
887,,photography,artwork
888,,photography,artwork
889,,photography,artwork
890,artificial intelligence tool help get smart content marketing,marketing marketing management,blog
891,artificial intelligence tool help get smart content marketing,marketing marketing management,blog
892,artificial intelligence tool help get smart content marketing,marketing marketing management,blog
893,artificial intelligence tool help get smart content marketing,marketing marketing management,blog
894,must visit hill station maharashtra,business business organisation,blog
895,must visit hill station maharashtra,business business organisation,blog
896,best python data science course certification,computer technology machine learning,blog
897,best python data science course certification,computer technology machine learning,blog
898,best python data science course certification,computer technology machine learning,blog
899,free data science course tutorial,computer technology design analysis algorithm,blog
900,free data science course tutorial,computer technology design analysis algorithm,blog
901,free data science course tutorial,computer technology design analysis algorithm,blog
902,contouring clay,sculpture artistic design,artwork
903,contouring clay,sculpture artistic design,artwork
904,contouring clay,sculpture artistic design,artwork
905,contouring clay,sculpture artistic design,artwork
906,contouring clay,sculpture artistic design,artwork
907,way choose perfect tour travel agency company bhubaneswar,business business organisation,blog
908,way choose perfect tour travel agency company bhubaneswar,business business organisation,blog
909,way choose perfect tour travel agency company bhubaneswar,business business organisation,blog
910,keep safe coronavirus,zoology environmental biology,blog
911,keep safe coronavirus,zoology environmental biology,blog
912,oliveres mediterrnies,geography physical geography,blog
913,oliveres mediterrnies,geography physical geography,blog
914,aesthetic,photography,artwork
915,aesthetic,photography,artwork
916,aesthetic,photography,artwork
917,aesthetic,photography,artwork
918,bloom,photography,artwork
919,bloom,photography,artwork
920,bloom,photography,artwork
921,bloom,photography,artwork
922,quarantined,photography,artwork
923,quarantined,photography,artwork
924,quarantined,photography,artwork
925,skeletal system,physiology osteology,blog
926,soap kill corona virus,education,skill
927,soap kill corona virus,education,skill
928,kind corona,visual art,artwork
929,kind corona,visual art,artwork
930,mask use,graphic design visual art,artwork
931,mask use,graphic design visual art,artwork
932,mask use,graphic design visual art,artwork
933,mask use,graphic design visual art,artwork
934,social distancing,visual art,artwork
935,social distancing,visual art,artwork
936,work home working corona effect,mass medium indian government,blog
937,work home working corona effect,mass medium indian government,blog
938,work home working corona effect,mass medium indian government,blog
939,work home working corona effect,mass medium indian government,blog
940,china lying corona,political science government politics,blog
941,china lying corona,political science government politics,blog
942,watermelon lemon cooler,physiology gastroenterology cardiology,blog
943,sad song,philosophy logic,blog
944,best place world,watercolour,artwork
945,person personal development affect business leadership ability,human resource performance organization,blog
946,sport look like future,computer technology robotics data science information technology artificial intelligence,blog
947,sport look like future,computer technology robotics data science information technology artificial intelligence,blog
948,sport look like future,computer technology robotics data science information technology artificial intelligence,blog
949,meenamma,drawing painting visual art artistic design watercolour acrylic,artwork
950,meenamma,drawing painting visual art artistic design watercolour acrylic,artwork
951,meenamma,drawing painting visual art artistic design watercolour acrylic,artwork
952,meenamma,drawing painting visual art artistic design watercolour acrylic,artwork
953,meenamma,drawing painting visual art artistic design watercolour acrylic,artwork
954,meenamma,drawing painting visual art artistic design watercolour acrylic,artwork
955,meenamma,drawing painting visual art artistic design watercolour acrylic,artwork
956,meenamma,drawing painting visual art artistic design watercolour acrylic,artwork
957,meenamma,drawing painting visual art artistic design watercolour acrylic,artwork
958,piglet,drawing,artwork
959,piglet,drawing,artwork
960,piglet,drawing,artwork
961,netflix case study,mass medium videography,blog
962,netflix case study,mass medium videography,blog
963,netflix case study,mass medium videography,blog
964,netflix case study,mass medium videography,blog
965,netflix case study,mass medium videography,blog
966,netflix case study,mass medium videography,blog
967,inside life,drawing,artwork
968,inside life,drawing,artwork
969,textile apparel testing,fashion desigining fashion textile fashion manufacturing fashion technique garment production garment technology,blog
970,textile apparel testing,fashion desigining fashion textile fashion manufacturing fashion technique garment production garment technology,blog
971,textile apparel testing,fashion desigining fashion textile fashion manufacturing fashion technique garment production garment technology,blog
972,textile apparel testing,fashion desigining fashion textile fashion manufacturing fashion technique garment production garment technology,blog
973,top big benefit digital marketing career,digital marketing,skill
974,top big benefit digital marketing career,digital marketing,skill
975,top big benefit digital marketing career,digital marketing,skill
976,top big benefit digital marketing career,digital marketing,skill
977,top big benefit digital marketing career,digital marketing,skill
978,top big benefit digital marketing career,digital marketing,skill
979,top big benefit digital marketing career,digital marketing,skill
980,top big benefit digital marketing career,digital marketing,skill
981,top big benefit digital marketing career,digital marketing,skill
982,top big benefit digital marketing career,digital marketing,skill
983,top big benefit digital marketing career,digital marketing,skill
984,free university course online,biotechnology plant biotechnology,blog
985,free university course online,biotechnology plant biotechnology,blog
986,free university course online,biotechnology plant biotechnology,blog
987,free university course online,biotechnology plant biotechnology,blog
988,free university course online,biotechnology plant biotechnology,blog
989,calligraphy,drawing calligraphy,artwork
990,accounting financial institution,accounting fundamental accounting,blog
991,accounting financial institution,accounting fundamental accounting,blog
992,painting,drawing,artwork
993,painting,drawing,artwork
994,personal growth,mass medium international relation,blog
995,real talk,philosophy public philosophy,blog
996,real talk,philosophy public philosophy,blog
997,real talk,philosophy public philosophy,blog
998,colour pushkar,photography,artwork
999,let slide,pen ink,artwork
1000,let slide,pen ink,artwork
1001,art,conceptual,artwork
1002,fight corona virus,drawing,artwork
1003,fight corona virus,drawing,artwork
1004,tea,drawing,artwork
1005,tea,drawing,artwork
1006,composition,tapestry,artwork
1007,chat app ui desgin,conceptual graphic design,artwork
1008,chat app ui desgin,conceptual graphic design,artwork
1009,lord shiva,drawing,artwork
1010,lord shiva,drawing,artwork
1011,lord shiva,drawing,artwork
1012,lgbt pride,fashion design visual art conceptual artistic design,artwork
1013,lgbt pride,fashion design visual art conceptual artistic design,artwork
1014,lgbt pride,fashion design visual art conceptual artistic design,artwork
1015,lgbt pride,fashion design visual art conceptual artistic design,artwork
1016,lgbt pride,fashion design visual art conceptual artistic design,artwork
1017,lgbt pride,fashion design visual art conceptual artistic design,artwork
1018,belief,visual art photography,artwork
1019,belief,visual art photography,artwork
1020,belief,visual art photography,artwork
1021,belief,visual art photography,artwork
1022,belief,visual art photography,artwork
1023,belief,visual art photography,artwork
1024,belief,visual art photography,artwork
1025,belief,visual art photography,artwork
1026,always right,learning,skill
1027,always right,learning,skill
1028,always right,learning,skill
1029,always right,learning,skill
1030,always right,learning,skill
1031,always right,learning,skill
1032,always right,learning,skill
1033,always right,learning,skill
1034,always right,learning,skill
1035,om,drawing,artwork
1036,om,drawing,artwork
1037,om,drawing,artwork
1038,communication,communication basic communiaction,blog
1039,communication,communication basic communiaction,blog
1040,communication,communication basic communiaction,blog
1041,step professional design task,fashion desigining pattern culture fashion trend fashion portfoilio,blog
1042,step professional design task,fashion desigining pattern culture fashion trend fashion portfoilio,blog
1043,step professional design task,fashion desigining pattern culture fashion trend fashion portfoilio,blog
1044,step professional design task,fashion desigining pattern culture fashion trend fashion portfoilio,blog
1045,step professional design task,fashion desigining pattern culture fashion trend fashion portfoilio,blog
1046,mahakaal,drawing,artwork
1047,mahakaal,drawing,artwork
1048,mahakaal,drawing,artwork
1049,mahakaal,drawing,artwork
1050,decision making step,computer technology computer application information technology,blog
1051,decision making step,computer technology computer application information technology,blog
1052,decision making step,computer technology computer application information technology,blog
1053,decision making step,computer technology computer application information technology,blog
1054,mahakaal,drawing,skill
1055,mahakaal,drawing,skill
1056,mahakaal,drawing,skill
1057,mahakaal,drawing,skill
1058,nerve,painting,artwork
1059,nerve,painting,artwork
1060,street art photo mathilde decourcelle,photography,artwork
1061,street art photo mathilde decourcelle,photography,artwork
1062,street art photo mathilde decourcelle,photography,artwork
1063,morning nectar,drawing,artwork
1064,hoping cake ocean,drawing,artwork
1065,wisdomleaf,photography,artwork
1066,wisdomleaf,photography,artwork
1067,wisdomleaf,photography,artwork
1068,economy affected nation produce eat,economics economic policy break even point foreign economy,blog
1069,economy affected nation produce eat,economics economic policy break even point foreign economy,blog
1070,economy affected nation produce eat,economics economic policy break even point foreign economy,blog
1071,aesthetic,photography,artwork
1072,mile go sleep,photography,artwork
1073,peace,photography,artwork
1074,peace,photography,artwork
1075,sunset,photography,artwork
1076,sunset,photography,artwork
1077,sunset,photography,artwork
1078,friend number c net,,project
1079,friend number c net,,project
1080,armstrong c net,,project
1081,armstrong c net,,project
1082,armstrong c net,,project
1083,armstrong c net,,project
1084,operating system,computer technology operating system,blog
1085,self quarantine,visual art,artwork
1086,self quarantine,visual art,artwork
1087,self quarantine,visual art,artwork
1088,legend,drawing,artwork
1089,molecular biology,biotechnology molecular biology,blog
1090,molecular biology,biotechnology molecular biology,blog
1091,molecular biology,biotechnology molecular biology,blog
1092,enlightened dream,drawing painting watercolour,artwork
1093,enlightened dream,drawing painting watercolour,artwork
1094,day lock quarantine,conceptual,artwork
1095,study nerve,physiology neurology,blog
1096,serp meta checker check meta preview serp tool search engine optimization,mixed medium,artwork
1097,serp meta checker check meta preview serp tool search engine optimization,mixed medium,artwork
1098,serp meta checker check meta preview serp tool search engine optimization,mixed medium,artwork
1099,serp meta checker check meta preview serp tool search engine optimization,mixed medium,artwork
1100,serp meta checker check meta preview serp tool search engine optimization,mixed medium,artwork
1101,serp meta checker check meta preview serp tool search engine optimization,mixed medium,artwork
1102,importance digital marketing startup,marketing advertising,blog
1103,importance digital marketing startup,marketing advertising,blog
1104,importance digital marketing startup,marketing advertising,blog
1105,importance digital marketing startup,marketing advertising,blog
1106,importance digital marketing startup,marketing advertising,blog
1107,importance digital marketing startup,marketing advertising,blog
1108,importance digital marketing startup,marketing advertising,blog
1109,importance digital marketing startup,marketing advertising,blog
1110,benefit guest posting writer brand,marketing promotion distribution decision,blog
1111,benefit guest posting writer brand,marketing promotion distribution decision,blog
1112,benefit guest posting writer brand,marketing promotion distribution decision,blog
1113,benefit guest posting writer brand,marketing promotion distribution decision,blog
1114,benefit guest posting writer brand,marketing promotion distribution decision,blog
1115,benefit guest posting writer brand,marketing promotion distribution decision,blog
1116,benefit guest posting writer brand,marketing promotion distribution decision,blog
1117,student networking,,blog
1118,blue,photography,artwork
1119,millennials change job,business corporate social responsibility,blog
1120,importance productive teenager,psycholgy child development,blog
1121,importance productive teenager,psycholgy child development,blog
1122,importance productive teenager,psycholgy child development,blog
1123,importance productive teenager,psycholgy child development,blog
1124,terrible leadership influence company,management team mangememnt,blog
1125,effective leadership politics,political science political thought,blog
1126,effective leadership politics,political science political thought,blog
1127,nature industrial dispute,legal study alternate dispute resolution international treaty international agreement,blog
1128,nature industrial dispute,legal study alternate dispute resolution international treaty international agreement,blog
1129,nature industrial dispute,legal study alternate dispute resolution international treaty international agreement,blog
1130,theory capital structure,business business strategy venture capitalist,blog
1131,dark matter,physic atomic physic energy physic quantum mecahnics instrumentation,blog
1132,best tool financial analysis,finance financial analysis,blog
1133,best tool financial analysis,finance financial analysis,blog
1134,promotional video,video editing,skill
1135,promotional video,video editing,skill
1136,preparation presentation company final account,accounting fundamental accounting,blog
1137,ozone layer healing world lockdown,geography physical geography,blog
1138,ozone layer healing world lockdown,geography physical geography,blog
1139,ozone layer healing world lockdown,geography physical geography,blog
1140,glass painting,painting craft artistic design,artwork
1141,glass painting,painting craft artistic design,artwork
1142,glass painting,painting craft artistic design,artwork
1143,glass painting,painting craft artistic design,artwork
1144,maintain physical distance physical distance,mass medium indian government,blog
1145,maintain physical distance physical distance,mass medium indian government,blog
1146,maintain physical distance physical distance,mass medium indian government,blog
1147,corona prevent effect u,mass medium indian government,blog
1148,cloud computing,computer technology cloud computing,blog
1149,cloud computing,computer technology cloud computing,blog
1150,making daaku,art,skill
1151,making daaku,art,skill
1152,making daaku,art,skill
1153,making daaku,art,skill
1154,making daaku,art,skill
1155,principle design rhythm,craft drawing conceptual composition,artwork
1156,principle design rhythm,craft drawing conceptual composition,artwork
1157,principle design rhythm,craft drawing conceptual composition,artwork
1158,principle design rhythm,craft drawing conceptual composition,artwork
1159,principle design rhythm,craft drawing conceptual composition,artwork
1160,principle design rhythm,craft drawing conceptual composition,artwork
1161,woman goddess,drawing,artwork
1162,woman goddess,drawing,artwork
1163,check tint tone shade,painting watercolour composition,artwork
1164,check tint tone shade,painting watercolour composition,artwork
1165,check tint tone shade,painting watercolour composition,artwork
1166,check tint tone shade,painting watercolour composition,artwork
1167,tint tone shade red,painting watercolour composition,artwork
1168,tint tone shade red,painting watercolour composition,artwork
1169,tint tone shade red,painting watercolour composition,artwork
1170,strip tint tone shade,composition watercolour painting,artwork
1171,strip tint tone shade,composition watercolour painting,artwork
1172,strip tint tone shade,composition watercolour painting,artwork
1173,pencil rendering,drawing,artwork
1174,pencil rendering,drawing,artwork
1175,pencil rendering,drawing,artwork
1176,wood carving,sculpture wood craft craft wood carving,artwork
1177,wood carving,sculpture wood craft craft wood carving,artwork
1178,wood carving,sculpture wood craft craft wood carving,artwork
1179,tie dye,fashion design,artwork
1180,tie dye,fashion design,artwork
1181,tie dye,fashion design,artwork
1182,multipurpose jewel,fashion design ceramic artistic design,artwork
1183,multipurpose jewel,fashion design ceramic artistic design,artwork
1184,virtual,fashion design visual art graphic design artistic design graphic illustration,artwork
1185,virtual,fashion design visual art graphic design artistic design graphic illustration,artwork
1186,virtual,fashion design visual art graphic design artistic design graphic illustration,artwork
1187,principle design contrast,visual art craft conceptual,artwork
1188,principle design contrast,visual art craft conceptual,artwork
1189,principle design contrast,visual art craft conceptual,artwork
1190,principle design contrast,painting craft mixed medium composition,artwork
1191,principle design contrast,painting craft mixed medium composition,artwork
1192,principle design contrast,painting craft mixed medium composition,artwork
1193,principle design contrast,painting craft mixed medium composition,artwork
1194,mosaic art,visual art craft mixed medium conceptual mosaic painting,artwork
1195,mosaic art,visual art craft mixed medium conceptual mosaic painting,artwork
1196,mosaic art,visual art craft mixed medium conceptual mosaic painting,artwork
1197,mosaic art,visual art craft mixed medium conceptual mosaic painting,artwork
1198,traditional modern sport,craft artistic design,artwork
1199,traditional modern sport,craft artistic design,artwork
1200,traditional modern sport,craft artistic design,artwork
1201,traditional modern sport,craft artistic design,artwork
1202,corporate influence,legal study company law legal system banking law,blog
1203,best free plc programming training course updated,computer technology web designing artificial intelligence computer application machine learning frontend development,blog
1204,best free plc programming training course updated,computer technology web designing artificial intelligence computer application machine learning frontend development,blog
1205,street art chirag,photography,artwork
1206,captured,photography,artwork
1207,captured,photography,artwork
1208,captured,photography,artwork
1209,much,photography,artwork
1210,much,photography,artwork
1211,much,photography,artwork
1212,mythical,painting,artwork
1213,mythical,painting,artwork
1214,mythical,painting,artwork
1215,light fight,photography,artwork
1216,light fight,photography,artwork
1217,light fight,photography,artwork
1218,bloom life,photography,artwork
1219,bloom life,photography,artwork
1220,rise shine,photography,artwork
1221,rise shine,photography,artwork
1222,light pollution solve,environment study pollution environmental biology,blog
1223,advantage online shopping offline shopping,marketing advertising,blog
1224,benefit buying grocery online twin city odisha,e commerce shopping platform online platform digital india,blog
1225,choose right home cleaning service provider,business bio entrepreneurship,blog
1226,choose right home cleaning service provider,business bio entrepreneurship,blog
1227,,history indian history,blog
1228,,history indian history,blog
1229,,history indian history,blog
1230,set carry forward loss,legal study income tax law,blog
1231,set carry forward loss,legal study income tax law,blog
1232,overloading method net,,project
1233,overloading method net,,project
1234,overloading method net,,project
1235,hand art,drawing,skill
1236,hand art,drawing,skill
1237,leap faith,photography,artwork
1238,leap faith,photography,artwork
1239,leap faith,photography,artwork
1240,leap faith,photography,artwork
1241,symptom corona virus,visual art,artwork
1242,disease prevention,graphic design,artwork
1243,step prevent covid,visual art,artwork
1244,break chain stop spread,visual art,artwork
1245,vaccine covid,visual art,artwork
1246,corona checklist,visual art,artwork
1247,handwashing,visual art,artwork
1248,sketch,drawing,artwork
1249,type ai,computer technology artificial intelligence,blog
1250,pencil rendering,drawing,artwork
1251,pencil rendering,drawing,artwork
1252,pencil rendering,drawing,artwork
1253,sea shore,photography,artwork
1254,sea shore,photography,artwork
1255,pebble rock,photography,artwork
1256,pebble rock,photography,artwork
1257,nature,photography,artwork
1258,swift alone,photography,artwork
1259,swift alone,photography,artwork
1260,wildlife creation,photography,artwork
1261,pride,drawing painting,artwork
1262,pride,drawing painting,artwork
1263,pride,drawing painting,artwork
1264,india savior corona,social work substance abuse social intervention humanity,blog
1265,importance mental health,social work health education,blog
1266,importance mental health,social work health education,blog
1267,cyber world war,social work social tech,blog
1268,economic policy,economic policy,blog
1269,role banking company india,banking banking company,blog
1270,role banking company india,banking banking company,blog
1271,role banking company india,banking banking company,blog
1272,statutory audit,auditing statuary audit,blog
1273,basic structure doctrine,legal study legal system,blog
1274,basic structure doctrine,legal study legal system,blog
1275,sport legislation india,sport coaching sport law,blog
1276,sport legislation india,sport coaching sport law,blog
1277,custom law,taxation custom law,blog
1278,concept revenue,economics revenue concept,blog
1279,concept revenue,economics revenue concept,blog
1280,human right duty,human right right duty,blog
1281,human right duty,human right right duty,blog
1282,concept human right duty,human right right duty,blog
1283,concept human right duty,human right right duty,blog
1284,concept human right duty,human right right duty,blog
1285,sociology religion,sociology sociology religion,blog
1286,sociology religion,sociology sociology religion,blog
1287,sociology india,sociology sociology india,blog
1288,sociology india,sociology sociology india,blog
1289,international politics,political science international politics,blog
1290,international politics,political science international politics,blog
1291,colonialism india,political science colonialism india,blog
1292,colonialism india,political science colonialism india,blog
1293,colonialism india,political science colonialism india,blog
1294,labour law,legal study labor law,blog
1295,labour law,legal study labor law,blog
1296,labour law,legal study labor law,blog
1297,nerd thrown,drawing visual art painting graphic design artistic design illustration,artwork
1298,app development,computer technology mobile application,blog
1299,late,drawing,artwork
1300,late,drawing,artwork
1301,importance internal financial control,auditing internal financial control,blog
1302,internal audit work,auditing internal audit,blog
1303,audit evidence necessary,auditing audit evidence,blog
1304,good service tax gst,taxation gst,blog
1305,direct tax,taxation direct tax,blog
1306,secretarial audit,auditing secratarial audit,blog
1307,new technology bank using today,banking banking technology,blog
1308,audit remark,auditing audit remark,blog
1309,cost audit important company,auditing cost audit,blog
1310,economics sociology,economics economics sociology,blog
1311,employee stock option buyback security,marketing promotion distribution decision,blog
1312,solar powered microbrewery design led energy sweden,artistic design,artwork
1313,data transmission mode,computer technology computer application operating system,blog
1314,printer,computer technology computation,blog
1315,php,computer technology programming language,blog
1316,information system,computer technology information technology computer application,blog
1317,information system,computer technology information technology computer application,blog
1318,leap year checking net,,project
1319,spartan,drawing,artwork
1320,spartan,drawing,artwork
1321,mk sword,drawing,artwork
1322,roman reign,drawing,artwork
1323,c,computer technology programming language,blog
1324,mi,computer technology information technology,blog
1325,operator php,computer technology computer application programming language information technology,blog
1326,operator php,computer technology computer application programming language information technology,blog
1327,firewall,computer technology computer application hardware information technology,blog
1328,firewall,computer technology computer application hardware information technology,blog
1329,shadow sketch,drawing,artwork
1330,kid bu,drawing,artwork
1331,om namah shivaay,pen ink,artwork
1332,delegate net,,project
1333,seo search engine optimization,computer technology computation,blog
1334,o,,project
1335,factorial php,,project
1336,prime php,,project
1337,smart city,painting,artwork
1338,making joker sketch,drawing,skill
1339,making joker sketch,drawing,skill
1340,making joker sketch,drawing,skill
1341,lord shiva shadow drawing,drawing artistic design,artwork
1342,edi electronic data interchange,e commerce online platform,blog
1343,graphical input device,graphic computer creation,blog
1344,lord shiva,drawing,artwork
1345,trident,drawing,artwork
1346,trident,drawing,artwork
1347,operating system,operating system,blog
1348,operating system,operating system,blog
1349,e commerce,e commerce e transaction,blog
1350,e commerce,e commerce e transaction,blog
1351,e commerce business model,e commerce shopping platform online platform,blog
1352,hand art,drawing artistic design illustration,artwork
1353,php variable,computer technology design analysis algorithm programming language,blog
1354,raster graphic system,computer technology computation computer application,blog
1355,computer graphic,graphic computer creation,blog
1356,database management system dbms,computer technology computer application information technology,blog
1357,database management system dbms,computer technology computer application information technology,blog
1358,ethernet,computer technology information technology,blog
1359,data message security,computer technology computer application,blog
1360,palindrome php,,project
1361,factorial net,,project
1362,factorial net,,project
1363,e cash,e commerce e transaction,blog
1364,stereoscopic virtual reality system,computer technology hardware information technology,blog
1365,bill calculation php,,project
1366,baseband broadband,computer technology computer application information technology,blog
1367,baseband broadband,computer technology computer application information technology,blog
1368,mobile computing technology,computer technology mobile application,blog
1369,topology type,computer technology information technology computer application,blog
1370,topology type,computer technology information technology computer application,blog
1371,topology type,computer technology information technology computer application,blog
1372,network model,computer technology computer application information technology,blog
1373,network model,computer technology computer application information technology,blog
1374,network type,computer technology computer application information technology,blog
1375,network type,computer technology computer application information technology,blog
1376,network type,computer technology computer application information technology,blog
1377,application mobile computing,computer technology computer application,blog
1378,magazine cover redefined,photography fashion design visual art graphic design artistic design,artwork
1379,magazine cover redefined,photography fashion design visual art graphic design artistic design,artwork
1380,portrait art,drawing painting,artwork
1381,best friend,graphic design visual art illustration graphic,artwork
1382,eye,photography,artwork
1383,eye,photography,artwork
1384,still,photography architecture,artwork
1385,still,photography architecture,artwork
1386,pleasant,photography,artwork
1387,know,photography architecture,artwork
1388,early morning gang,photography,artwork
1389,early morning gang,photography,artwork
1390,aesthetic,photography visual art,artwork
1391,aesthetic,photography visual art,artwork
1392,aesthetic,photography visual art,artwork
1393,aesthetic,photography visual art,artwork
1394,aesthetic,photography visual art,artwork
1395,peaceful,photography,artwork
1396,peaceful,photography,artwork
1397,peaceful,photography,artwork
1398,peaceful,photography,artwork
1399,peaceful,photography,artwork
1400,chosen,drawing,artwork
1401,chosen,drawing,artwork
1402,chosen,drawing,artwork
1403,spirituality,photography,artwork
1404,dusk sky,photography,artwork
1405,business skill,business business skill,blog
1406,ai replace human intellectual work,electronics electrical technology electrical machine,blog
1407,workforce diversity challenge,hr management,blog
1408,abacus,mathematics linear algebra,blog
1409,human resource management,human resource hr management,blog
1410,periodic table,inorganic chemistry,blog
1411,best machine learning course,computer technology cloud computing artificial intelligence information technology programming language,blog
1412,best computer networking course certification,computer technology computer application,blog
1413,best computer networking course certification,computer technology computer application,blog
1414,best data science certification course,computer technology data science,blog
1415,biodiversity,eco system,blog
1416,information technology,computer technology information technology,blog
1417,artificial intelligence,computer technology artificial intelligence,blog
1418,ecology,zoology ecology,blog
1419,protect heart,physiology cardiology,blog
1420,prepare better tomorrow,social work humanity,blog
1421,gynecology,biotechnology genetic engineering,blog
1422,memory,photography,artwork
1423,gripping,visual art photography,artwork
1424,radiology,physiology radiology,blog
1425,radiology,physiology radiology,blog
1426,colour history,photography,artwork
1427,must visit hill station maharashtra,geography indian geography,blog
1428,must visit hill station maharashtra,geography indian geography,blog
1429,must visit hill station maharashtra,geography indian geography,blog
1430,interesting fact india idea,history indian history,blog
1431,corporate design,graphic graphic design,artwork
1432,best productivity web apps student,human resource performance organization organizational behaviour hr management,blog
1433,peace,photography,artwork
1434,silence,photography,artwork
1435,let discus case law,competition law,blog
1436,python programming introduction,programming language,blog
1437,creativity quarantine,literature story,blog
1438,advantage online shopping offline shopping,marketing advertising,blog
1439,form cartel,competition law,blog
1440,sorting hat,drawing,artwork
1441,truth,mixed medium conceptual,artwork
1442,travelling,photography,artwork
1443,childhood sketch,drawing watercolour,artwork
1444,quarantine day,painting,artwork
1445,sunset ottawa,painting,artwork
1446,marital rape rape rape,empowerment,blog
